<?xml version="1.0" encoding="utf-8"?>
<!--
~ Copyright (C) 2019 The Android Open Source Project
~
~ Licensed under the Apache License, Version 2.0 (the "License");
~ you may not use this file except in compliance with the License.
~ You may obtain a copy of the License at
~
~      http://www.apache.org/licenses/LICENSE-2.0
~
~ Unless required by applicable law or agreed to in writing, software
~ distributed under the License is distributed on an "AS IS" BASIS,
~ WITHOUT WARRANTIES OR CONDITIONS OF ANY KIND, either express or implied.
~ See the License for the specific language governing permissions and
~ limitations under the License.
-->

<resources xmlns:tools="http://schemas.android.com/tools">

    <!--Components-->

    <!--Bottom Sheets-->
    <style name="ThemeOverlay.MyTheme.BottomSheetDialog" parent="ThemeOverlay.MaterialComponents.Dialog">
        <item name="android:windowIsFloating">false</item>
        <item name="android:windowBackground">@android:color/transparent</item>
        <item name="android:windowAnimationStyle">@style/Animation.MyTheme.BottomSheet.Modal</item>
        <item name="android:statusBarColor">@android:color/transparent</item>
        <item name="bottomSheetStyle">@style/Widget.MyTheme.BottomSheet.Modal</item>
        <item name="android:navigationBarColor">?colorSurface</item>
        <item name="android:navigationBarDividerColor" tools:ignore="NewApi">@android:color/transparent</item>
    </style>
    <style name="Widget.MyTheme.BottomSheet.Modal" parent="Widget.MaterialComponents.BottomSheet.Modal">
        <item name="shapeAppearanceOverlay">?shapeAppearanceLargeComponent</item>
    </style>

    <!--Navigation Drawer-->
    <style name="Widget.MyTheme.NavigationView" parent="Widget.MaterialComponents.NavigationView">
        <item name="itemTextAppearance">?textAppearanceBody2</item>
    </style>

</resources>
